{"cameraMode":{"drawMode":0,"name":"Shaded","section":"Shading Mode"},"sceneLighting":true,"audioPlay":false,"sceneViewState":{"showFog":false,"showMaterialUpdate":false,"showSkybox":false,"showFlares":false,"showImageEffects":true,"showParticleSystems":true},"in2DMode":false,"pivot":{"x":6.462169170379639,"y":-7.223465442657471,"z":88.21501159667969},"rotation":{"x":0.03118409775197506,"y":-0.009897834621369839,"z":-0.00030854271608404815,"w":-0.9994664788246155},"size":42.267513275146487,"orthographic":false}